<?xml version="1.0" encoding="utf-8"?>

<list>
             <category>

                      <category_id>1</category_id>

                      <category_name>Thai</category_name>

             </category>
             
             <category>

                      <category_id>2</category_id>

                      <category_name>Indian</category_name>

             </category>
             
             <category>

                      <category_id>3</category_id>

                      <category_name>Korean</category_name>

             </category>
             
             <category>

                      <category_id>4</category_id>

                      <category_name>Japanese</category_name>

             </category>
             
             <category>

                      <category_id>5</category_id>

                      <category_name>Ethiopian</category_name>

             </category>
             
</list>

