[	
	{ "filename" : "nature18", "photographer" : "Vera Drake", "category" : "nature"
		, "desc" : "Crab apple trees in bloom" 
	},
	{ "filename" : "animals03", "photographer" : "Emily Kim", "category" : "animals"
		, "desc" : "Chubby donkey looking for a friend" 
	},
	{ "filename" : "people08", "photographer" : "Lisa Traylor", "category" : "people"
		, "desc" : "Tulle veil with pearl accents" 
	},
	{ "filename" : "nature10", "photographer" : "Sukiya Wang", "category" : "nature"
		, "desc" : "Green blades of grass" 
	},
	{ "filename" : "misc04", "photographer" : "David Hassoun", "category" : "miscellaneous"
		, "desc" : "Thomas Edison's workshop" 
	},
	{ "filename" : "abstract02", "photographer" : "David Hassoun", "category" : "abstract"
		, "desc" : "Firedancer at midnight in downtown Denver" 
	},
	{ "filename" : "city04", "photographer" : "Emily Kim", "category" : "city"
		, "desc" : "Rooftops in Paris France" 
	},
	{ "filename" : "nature16", "photographer" : "Trevor Hayes", "category" : "nature"
		, "desc" : "Overgrown garden" 
	},
	{ "filename" : "nature07", "photographer" : "Yolanda Adams", "category" : "nature"
		, "desc" : "Sun through trees" 
	},
	{ "filename" : "nature08", "photographer" : "Luca Buitoni", "category" : "nature"
		, "desc" : "Trunk Bay. St. John U.S.V.I" 
	},
	{ "filename" : "nature09", "photographer" : "Sukiya Wang", "category" : "nature"
		, "desc" : "North" 
	},
	{ "filename" : "abstract03", "photographer" : "David Hassoun", "category" : "abstract"
		, "desc" : "Performer performing with two flames at once. Camera set at a slow shutter speed" 
	},
	{ "filename" : "people06", "photographer" : "Tamara Quinn", "category" : "people"
		, "desc" : "Shriner mini-cars.  Music and Blossom Festival Canon City" 
	},
	{ "filename" : "abstract05", "photographer" : "Carrie Shizlier", "category" : "abstract"
		, "desc" : "Street performer during Carnivale. Piazza San Marco Venice" 
	},
	{ "filename" : "abstract06", "photographer" : "Alida Simms", "category" : "abstract"
		, "desc" : "Chinese New Year celebration. Chinatown San Francisco" 
	},
	{ "filename" : "abstract07", "photographer" : "Austin Ryan", "category" : "abstract"
		, "desc" : "The unrelenting sun. Death Valley California" 
	},
	{ "filename" : "abstract08", "photographer" : "David Hassoun", "category" : "abstract"
		, "desc" : "Flight pattern of a firework. Camera set at slow shutter speed" 
	},
	{ "filename" : "abstract09", "photographer" : "David Hassoun", "category" : "abstract"
		, "desc" : "Group of joggers seen through thermo goggles" 
	},
	{ "filename" : "abstract10", "photographer" : "Cole Bateman", "category" : "abstract"
		, "desc" : "Energy surge from gases orbiting Venus" 
	},
	{ "filename" : "abstract11", "photographer" : "Jason Eberheart", "category" : "abstract"
		, "desc" : "Close up of cigarette being discarded from moving vehicle" 
	},
	{ "filename" : "animals01", "photographer" : "Aziz Housaad", "category" : "animals"
		, "desc" : " Photo of a doe and deer outside of Cheyenne Wyoming"
	},
	{ "filename" : "animals02", "photographer" : "Diane Rowlings", "category" : "animals"
		, "desc" : "Close up of a doe outside of Cheyenne Wyoming" 
	},
	{ "filename" : "animals04", "photographer" : "Emily Kim", "category" : "animals"
		, "desc" : "Elsie having corn on the cobb" 
	},
	{ "filename" : "animals05", "photographer" : "Emily Kim", "category" : "animals"
		, "desc" : "Elsie driving to work in the morning" 
	},
	{ "filename" : "animals06", "photographer" : "Emily Kim", "category" : "animals"
		, "desc" : "Elsie helping out with the campfire" 
	},
	{ "filename" : "animals07", "photographer" : "Austin Ryan", "category" : "animals"
		, "desc" : "Mountain goat near the top of Pikes Peak" 
	},
	{ "filename" : "animals08", "photographer" : "James Tiner", "category" : "animals"
		, "desc" : "The purebreads and a donkey at T Cross Ranch Colorado" 
	},
	{ "filename" : "animals09", "photographer" : "Carrie Shisler", "category" : "animals"
		, "desc" : "Baby racoon discovered after California wildfires" 
	},
	{ "filename" : "animals10", "photographer" : "Cole Bateman", "category" : "animals"
		, "desc" : "Monkey and her baby.  Monkey Island Vietnam" 
	},
	{ "filename" : "animals11", "photographer" : "Jason Eberheart", "category" : "animals"
		, "desc" : "Iguana relaxing poolside in Westin St. John USVI" 
	},
	{ "filename" : "abstract04", "photographer" : "David Hassoun", "category" : "abstract"
		, "desc" : "Superheated gases demonstration. Senior project MIT" 
	},
	{ "filename" : "animals12", "photographer" : "Jason Eberheart", "category" : "animals"
		, "desc" : "Shy gray parrot that blushes around crowds" 
	},
	{ "filename" : "city01", "photographer" : "Thandie Newton", "category" : "city"
		, "desc" : "Twilight. Manhattan" 
	},
	{ "filename" : "city02", "photographer" : "Terrel Cambry", "category" : "city"
		, "desc" : "Evening rush hour. New York City New York" 
	},
	{ "filename" : "city03", "photographer" : "Emily Kim", "category" : "city"
		, "desc" : "Traveling Art Exhibit. The Met New York City" 
	},
	{ "filename" : "flowers01", "photographer" : "Nancy Weiss", "category" : "flowers"
		, "desc" : "Pink Vermillion" 
	},
	{ "filename" : "flowers02", "photographer" : "Cate Reiter", "category" : "flowers"
		, "desc" : "Signs of Fall Martha's Vineyard" 
	},
	{ "filename" : "flowers03", "photographer" : "Patrick Miller", "category" : "flowers"
		, "desc" : "Sub-alpine meadow blooms" 
	},
	{ "filename" : "flowers04", "photographer" : "Aidan Wilson", "category" : "flowers"
		, "desc" : "Cactus flower. Scottsdale Arizona" 
	},
	{ "filename" : "flowers05", "photographer" : "Emily Kim", "category" : "flowers"
		, "desc" : "Indian paintbrush" 
	},
	{ "filename" : "flowers06", "photographer" : "Sierra Newton", "category" : "flowers"
		, "desc" : "Pink umbrella daisies" 
	},
	{ "filename" : "flowers07", "photographer" : "Alexa Dansworth", "category" : "flowers"
		, "desc" : "White tea flowers" 
	},
	{ "filename" : "flowers08", "photographer" : "Adam Martin", "category" : "flowers"
		, "desc" : "Native alpine flower Switzerland" 
	},
	{ "filename" : "flowers09", "photographer" : "Emily Rossum", "category" : "flowers"
		, "desc" : "Cherry blossoms in bloom. Steamboat Springs Colorado" 
	},
	{ "filename" : "flowers10", "photographer" : "Paul Bowman", "category" : "flowers"
		, "desc" : "Close-up of flower pistils and stamen" 
	},
	{ "filename" : "flowers11", "photographer" : "Karl Bomblies", "category" : "flowers"
		, "desc" : "The Pride of Holland" 
	},
	{ "filename" : "misc01", "photographer" : "Paul Trani", "category" : "miscellaneous"
		, "desc" : "19th century sugar mill.  St. John U.S.V.I" 
	},
	{ "filename" : "misc02", "photographer" : "Paul Trani", "category" : "miscellaneous"
		, "desc" : "Abandoned colonial home.  St. John U.S.V.I" 
	},
	{ "filename" : "misc03", "photographer" : "Paul Trani", "category" : "miscellaneous"
		, "desc" : "Sunset Caneel Bay. St. John U.S.V.I" 
	},
	{ "filename" : "misc05", "photographer" : "William Ziomek", "category" : "miscellaneous"
		, "desc" : "Roof damage after Tornado. Kansas" 
	},
	{ "filename" : "misc06", "photographer" : "Meg Linzey", "category" : "miscellaneous"
		, "desc" : "Storm cellar where Kansas resident took shelter from F5 tornado" 
	},
	{ "filename" : "misc07", "photographer" : "Nicholas Page", "category" : "miscellaneous"
		, "desc" : "Abandoned snack stand. Nassau Bahamas" 
	},
	{ "filename" : "misc08", "photographer" : "Chris Stinnett", "category" : "miscellaneous"
		, "desc" : "Bear cave.  Moab Utah" 
	},
	{ "filename" : "misc09", "photographer" : "David Hassoun", "category" : "miscellaneous"
		, "desc" : "Native American home.  Mesa Verde Colorado" 
	},
	{ "filename" : "misc10", "photographer" : "Sue Barber", "category" : "miscellaneous"
		, "desc" : "Rusted mining headlamp.  Idaho Springs Colorado" 
	},
	{ "filename" : "misc11", "photographer" : "Gerard Annuit", "category" : "miscellaneous"
		, "desc" : "Roan shipwreck.  St. John U.S.V.I" 
	},
	{ "filename" : "nature01", "photographer" : "Penny Martin", "category" : "nature"
		, "desc" : "Adolescent butterfly in the summer. taken atop Mount Evans in Colorado" 
	},
	{ "filename" : "nature02", "photographer" : "Collette Annuit", "category" : "nature"
		, "desc" : "The road to forever.  New Orleans LA" 
	},
	{ "filename" : "nature03", "photographer" : "Taylor Mandbridge", "category" : "nature"
		, "desc" : "Glorious sunset.  Tanzania Africa" 
	},
	{ "filename" : "nature04", "photographer" : "Joel Exeter", "category" : "nature"
		, "desc" : "Fish Creek.  Wyoming" 
	},
	{ "filename" : "nature05", "photographer" : "Howard Aplin", "category" : "nature"
		, "desc" : "Aspen majesty" 
	},
	{ "filename" : "nature06", "photographer" : "Omar Mustaan", "category" : "nature"
		, "desc" : "Triumph of the survivor" 
	},
	{ "filename" : "nature11", "photographer" : "Joel Exeter", "category" : "nature"
		, "desc" : "Fish Creek. Wyoming" 
	},
	{ "filename" : "nature12", "photographer" : "Thomas Morris", "category" : "nature"
		, "desc" : "Winter's end" 
	},
	{ "filename" : "nature13", "photographer" : "Lori Gaines", "category" : "nature"
		, "desc" : "Apache Teepee" 
	},
	{ "filename" : "nature14", "photographer" : "Brooke Preston", "category" : "nature"
		, "desc" : "Japanese fishing boats.  Okinawa Japan" 
	},
	{ "filename" : "nature15", "photographer" : "Brooke Preston", "category" : "nature"
		, "desc" : "Xiao hill. Okinawa Japan" 
	},
	{ "filename" : "nature17", "photographer" : "Evita Rhone", "category" : "nature"
		, "desc" : "Jost Van Dyke. St. John U.S.V.I" 
	},
	{ "filename" : "nature20", "photographer" : "Zaire Freemont", "category" : "nature"
		, "desc" : "Approaching Storm.  Black and White film" 
	},
	{ "filename" : "people01", "photographer" : "Lisa Traylor", "category" : "people"
		, "desc" : "French bridal veil" 
	},
	{ "filename" : "people02", "photographer" : "Evander Sloan", "category" : "people"
		, "desc" : "Cambodian orphans" 
	},
	{ "filename" : "people04", "photographer" : "Ron Trani", "category" : "people"
		, "desc" : "Army helicopter pilot" 
	},
	{ "filename" : "people05", "photographer" : "Paul Trani", "category" : "people"
		, "desc" : "Preparation for Moroccan meal" 
	},
	{ "filename" : "nature19", "photographer" : "Charles Stapleton", "category" : "nature"
		, "desc" : "Cascade Falls.  Telluride Colorado" 
	},
	{ "filename" : "abstract01", "photographer" : "David Hassoun", "category" : "abstract"
		, "desc" : " Photo of a performer dancing with fire. Camera set at a slow shutter speed"
	},
	{ "filename" : "people09", "photographer" : "Clay Portman", "category" : "people"
		, "desc" : "Buddha statue shop. Chengdu China" 
	},
	{ "filename" : "people10", "photographer" : "Emily Kim", "category" : "people"
		, "desc" : "Flower carrier in Vietnam" 
	},
	{ "filename" : "people11", "photographer" : "Lisa Traylor", "category" : "people"
		, "desc" : "Motorcycle bride" 
	},
	{ "filename" : "people12", "photographer" : "Paul Trani", "category" : "people"
		, "desc" : "Cannonball" 
	},
	{ "filename" : "people13", "photographer" : "Lisa Traylor", "category" : "people"
		, "desc" : "Three piece tulle veil" 
	},
	{ "filename" : "people14", "photographer" : "Lisa Traylor", "category" : "people"
		, "desc" : "Woman waiting for her suitor" 
	},
	{ "filename" : "people07", "photographer" : "Tamara Quinn", "category" : "people"
		, "desc" : "Canon City Queen. Music and Blossom Festival Canon City" 
	},
	{ "filename" : "people03", "photographer" : "Lt. Michael Morenz", "category" : "people"
		, "desc" : "Army drill exercise" 
	},
	{ "filename" : "people15", "photographer" : "Randall Peyton", "category" : "people"
		, "desc" : "Parade crowd" 
	}
]