<?xml version="1.0" encoding="utf-8"?>

<list>

   

             <review>

                      <review_id>21</review_id>

                      <restaurant_id>53</restaurant_id>

                      <reviewer>John Smith</reviewer>

                      <title>Excellent</title>

                      <review_text>I had an excellent experience at Addis and I highly recommend it!</review_text>

                      <review_date>2004-05-03 01:03:52.0</review_date>

                      <rating>5</rating>

             </review>

   

             <review>

                      <review_id>22</review_id>

                      <restaurant_id>53</restaurant_id>

                      <reviewer>Jane Doe</reviewer>

                      <title>Very Good</title>

                      <review_text>I loved my dinner at Addis</review_text>

                      <review_date>2004-05-03 01:21:51.0</review_date>

                      <rating>4</rating>

             </review>

   

             <review>

                      <review_id>39</review_id>

                      <restaurant_id>56</restaurant_id>

                      <reviewer>Bryan Clough</reviewer>

                      <title>Won't Be Back</title>

                      <review_text>My soup was too cold and the wait staff unfriendly.</review_text>

                      <review_date>2005-02-15 11:00:38.0</review_date>

                      <rating>2</rating>

             </review>

   

             <review>

                      <review_id>40</review_id>

                      <restaurant_id>58</restaurant_id>

                      <reviewer>Melissa Finch</reviewer>

                      <title>Can't Wait for Next Visit</title>

                      <review_text>Outstanding in all ways!</review_text>

                      <review_date>2005-02-15 11:01:17.0</review_date>

                      <rating>5</rating>

             </review>

   

             <review>

                      <review_id>41</review_id>

                      <restaurant_id>56</restaurant_id>

                      <reviewer>Irene Steffensmeier</reviewer>

                      <title>My Kind of Place</title>

                      <review_text>Informal dining at its best.  Great food and helpful staff.</review_text>

                      <review_date>2005-02-15 11:02:07.0</review_date>

                      <rating>4</rating>

             </review>

   

             <review>

                      <review_id>42</review_id>

                      <restaurant_id>63</restaurant_id>

                      <reviewer>Sandra Steffensmeier</reviewer>

                      <title>Too Full on the Way Out</title>

                       <review_text>Nice meal.  Huge servings which my husband enjoyed.</review_text>

                      <review_date>2005-02-15 11:03:03.0</review_date>

                      <rating>4</rating>

             </review>

   

             <review>

                      <review_id>44</review_id>

                      <restaurant_id>63</restaurant_id>

                      <reviewer>Janice Finley</reviewer>

                      <title>Just OK</title>

                      <review_text>Food good, but ambience and help was lacking.</review_text>

                      <review_date>2005-02-15 11:04:24.0</review_date>

                      <rating>3</rating>

             </review>

   

             <review>

                      <review_id>38</review_id>

                      <restaurant_id>58</restaurant_id>

                      <reviewer>RJ Talbot</reviewer>

                      <title>Nice Visit</title>

                      <review_text>Good food, great prices and nice staff.  Worth the visit!</review_text>

                      <review_date>2005-03-13 14:41:54.0</review_date>

                      <rating>4</rating>

             </review>

   

             <review>

                      <review_id>43</review_id>

                      <restaurant_id>63</restaurant_id>

                      <reviewer>Donna Tulip</reviewer>

                      <title>Heavenly</title>

                      <review_text>It was nice to have such a great meal at this price!</review_text>

                      <review_date>2005-03-13 14:41:54.0</review_date>

                      <rating>5</rating>

             </review>

   

             <review>

                      <review_id>23</review_id>

                      <restaurant_id>53</restaurant_id>

                      <reviewer>Bill Taylor</reviewer>

                      <title>Loved it!</title>

                      <review_text>This is an amazing place!</review_text>

                      <review_date>2005-03-30 15:07:05.0</review_date>

                      <rating>5</rating>

             </review>

 
             <review>

                      <review_id>64</review_id>

                      <restaurant_id>58</restaurant_id>

                      <reviewer>Jeff Brock</reviewer>

                      <title>Nice</title>

                      <review_text>great meal</review_text>

                      <review_date>2005-05-12 11:11:05.0</review_date>

                      <rating>5</rating>

             </review>

    

</list>

